Variable,Overall,PPI,H2RA
N,2840,2222,618
"Follow-up time, years: median [IQR]",6.18 [2.94–10.94],6.13 [2.94–10.92],6.53 [2.96–11.04]
"All-cause deaths, n (%)",325 (11.4%),252 (11.3%),73 (11.8%)
"Age at index date, years: mean (SD)",50.1 (21.3),49.8 (21.2),51.3 (21.6)
"Female sex, n (%)",1390 (48.9%),1084 (48.8%),306 (49.5%)
"Ethnicity, n (%)",,,
  White,2160 (76.1%),1711 (77.0%),449 (72.7%)
  South Asian,281 (9.9%),211 (9.5%),70 (11.3%)
  Black,212 (7.5%),152 (6.8%),60 (9.7%)
  Mixed,87 (3.1%),67 (3.0%),20 (3.2%)
  Other,100 (3.5%),81 (3.6%),19 (3.1%)
"Socioeconomic status (SES), n (%)",,,
  1 (least deprived),573 (20.2%),441 (19.8%),132 (21.4%)
  2,558 (19.6%),449 (20.2%),109 (17.6%)
  3,553 (19.5%),436 (19.6%),117 (18.9%)
  4,576 (20.3%),441 (19.8%),135 (21.8%)
  5 (most deprived),580 (20.4%),455 (20.5%),125 (20.2%)
"Calendar period of index date, n (%)",,,
  2000-2004,564 (19.9%),445 (20.0%),119 (19.3%)
  2004-2009,773 (27.2%),592 (26.6%),181 (29.3%)
  2009-2014,760 (26.8%),597 (26.9%),163 (26.4%)
  2014-2018,743 (26.2%),588 (26.5%),155 (25.1%)
"BMI, kg/m²: mean (SD)",27.8 (6.1),27.8 (6.1),27.9 (6.0)
"BMI missing, n (%)",187 (6.6%),148 (6.7%),39 (6.3%)
"Prior gastric cancer, n (%)",63 (2.2%),51 (2.3%),12 (1.9%)
"GERD in 6 months prior to index date, n (%)",400 (14.1%),302 (13.6%),98 (15.9%)
"Peptic ulcer in 6 months prior to index date, n (%)",230 (8.1%),177 (8.0%),53 (8.6%)
Healthcare contacts (prior year): mean (SD),3.5 (1.9),3.5 (1.9),3.5 (1.8)
